Ahti,SPb,
Aleksey Rassecheniy,SPb,
Amarok,SPb,
Amgalan,SPb,
Andrey,SPb,
Anguis,SPb,
Anna,SPb,
Arsanar,SPb,
Arstozkan,SPb,
Artur Diodand,SPb,
Artur,SPb,
Badya,SPb,
Banket,SPb,
Barb,SPb,
Belenov,SPb,
Berezko,,
Bessmertniy,SPb,
Bez,,
Boris,SPb,
Brin,SPb,
Coach,SPb,
CrazyMX,,
Danil,SPb,
Dants,SPb,
Danyar,SPb,
Darth Framas,SPb,
Denis,SPb,
Dima,SPb,
Dimka,SPb,
Dimon,SPb,
Dmitriy,,
Doctor,SPb,
Dominator 666,SPb,
Dominator 667,SPb,
Dredd,SPb,
DRPFDR,SPb,
Egor,SPb,
Excelsior,SPb,
Faraicool,Msk,
Fatherbox,SPb,
Georgiy,SPb,
Gremlin,Msk,
Grib,SPb,
Hevka,SPb,
Hity,SPb,
Homyak,SPb,
Hound,SPb,
Hovard51,SPb,
Ilenkov,,
Imp,SPb,
Ivan,SPb,
Just,SPb,
Kainobor,SPb,
Kamahl,SPb,
Karina,SPb,
Keboto,SPb,
KhornoPes,,
Kifir,SPb,
Kirill,SPb,
Kolya,SPb,
Kondor,SPb,
KOT,SPb,
Kozulskis,SPb,
Krioll,,
Krot,SPb,
LastbutOne,,
Lera,SPb,
Limur,SPb,
Lodin,SPb,
Lordik,SPb,
Lover,SPb,
Lycian,SPb,
Maks 2.0,SPb,
Maks,SPb,
Maksim,SPb,
Margo,SPb,
Mekhanka,SPb,
Michail,SPb,
Monstr,,
Naruto,SPb,
Navigator,SPb,
Nechrist,SPb,
Nevar,SPb,
Nikita Argov,SPb,
Nikita,SPb,
Oksana,SPb,
Oleg,SPb,
Oval,SPb,
Owl,SPb,
Pavel,SPb,
Pawlove,SPb,
Petr,SPb,
Pornoork,SPb,
Priest,SPb,
Prokopov,SPb,
Proletariy,SPb,
Ramirti,Msk,
Reka,SPb,
Renor,SPb,
Rodion,SPb,
Roma,SPb,
Roman Hobbit,,
Ruker,SPb,
Saervak,SPb,
Sasha,SPb,
SashaPskov,SPb,
Senek,SPb,
Sergey,SPb,
Serii,Msk,
Seriy,SPb,
Skiv,SPb,
Slav,SPb,
Slay,SPb,
Sli,SPb,
Smog,SPb,
Smoker,SPb,
Soel,SPb,
Solano,SPb,
Solnce,SPb,
Stepan,SPb,
Stradevary,SPb,
Student,SPb,
Sveta,SPb,
Tanya,SPb,
Taranov,SPb,
TauViktor,SPb,
Tegark,SPb,
Tema,SPb,
Timur,SPb,
TK,SPb,
Tulin,SPb,
Tupocowboy,SPb,
Udar,SPb,
Vanya Sabaka,SPb,
Vanya,SPb,
Varren,,
Verger,SPb,
Viktor,SPb,
Vitaliy,SPb,
Vlad,SPb,
Vladimir,SPb,
Voloshin,SPb,
Voron,SPb,
Weavel,,
XuTu,SPb,
Ylia,SPb,
YNot,Msk,
Your mother friend,SPb,
Zerling,Msk,
Александр Алексеев,Msk,
Александр Иващенко,RnD,
Александр Каревский,Msk,
Александр Кутлин,Msk,
Александр Лебедев,Msk,
Александр Ливенцев,Voronezh,
Александр Лотков,Msk,
Александр Маркувинас,RnD,Большой
Александр Оводков,Msk,
Александр Петрив,Msk,
Александр Старовойтов,Msk,
Александр Янин,Voronezh,
Алексей Купляков,Msk,
Алексей Меликянц,Msk,
Алексей Мухин,Voronezh,Белый Маг
Алексей Павлов,Msk,
Алексей Смышляев,Msk,Алексей "Ethical Engineer" Смышляев
Анатолий Коновалов,Msk,Анатолий "Joker" Коновалов
Андрей Морозов,Msk,
Андрей Оводков,Msk,
Андрей Хряпин,Msk,
Анна Мельникова,Msk,
Антон Гаврилов,Voronezh,
Антон Коняхин,Msk,
Антон Корнаков,Msk,
Антон Чичеткин,Msk,
Артем Анпилогов,Msk,
Артем Баранов,Msk,
Ася Шестова,Msk,
Богдан Елизаров,Msk,
Василий Голик,Msk,
Василий Гущин,Msk,
Виктор Антошечкин,Msk,
Виктор Нелипович,Msk,Виктор "Sypher" Нелипович
Виктор Щеблыкин,Voronezh,
Виталий Кривошеев,Msk,
Виталий Тютюриков,Msk,
Владимир Барсегов,Msk,
Владимир Басов,Msk,
Владимир Владимирович,Msk,
Владимир Осокин,Msk,
Владислав Войнов,SPb,
Глеб Гусев,Msk,
Григорий Архипов,Msk,
Григорий Фисаков,Msk,
Давид Афинский,Msk,
Данила Антонов,Msk,
Дарион,Msk,
Дарья Дерябина,Msk,
Ден Волк,Msk,
Денис Кубиков,Msk,
Денис Никишин,Msk,
Денис Ручков,Msk,
Денис Ульмаев,Msk,
Дмитрий Бондаренко,Msk,
Дмитрий Дмитрушенко,Msk,
Дмитрий Кузьмин,Msk,
Дмитрий Матвеев,Msk,
Дмитрий Точенов,Msk,Дмитрий "Void Wanderer" Точенов
Евгений Крамеров,Msk,
Евгений Овчинников,Msk,
Евгений Сафронов,Msk,Евгений "Murul" Сафронов
Евгений Тюляев,Msk,
Егор Долженко,Msk,
Иван Дмитриев,Msk,
Иван Марков,Msk,
Илья Кордонец,Msk,
Кирилл Бадягин,Msk,
Кирилл Москаленко,Msk,
Кирилл Никитин,Msk,
Константин Кручинин,Msk,Константин "Falk" Кручинин
Кронос,Msk,
Леонид Овчинников,Msk,
Макс Бар,Msk,
Максим Бурцев,Msk,
Максим Демченко,Msk,
Максим Каревский,Msk,
Максим Оргиец,Msk,
Максим Федоров,Msk,
Максим Халилулин,Msk,
Максим Чередников,Msk,
Максим Шамцян,Msk,
Максим Яцык,Msk,
Марк Карк,Msk,
Мирон Андреев,Msk,
Михаил Ковальков,Msk,
Михаил Соколов,Msk,
Михаил Тихонов,Msk,
Никита Бондаренко,Msk,
Никита Чикулаев,Msk,
Николай Шараев,Msk,
Павел Аленчев,Msk,
Павел Ботин,Msk,
Павел Кузнецов,Msk,
Петр Федин,Msk,
Полина Морозова,Msk,
Роман Евсеев,Msk,Роман "Yermack" Евсеев
Сажка Москалев,Voronezh,
Святослав Соколов,Msk,Святослав "Relaroh Sunora" Соколов
Сергей Куров,Msk,
Сергей Паршин,Msk,
Сергей Сапожков,Voronezh,Sap
Сергей Шевелев,Msk,
Стас Водолазский,Msk,
Степан Степанов,Msk,
Федор Федоренко,Msk,
Юлия Овчинникова,Msk,
Юрий Дуболазов,Voronezh,
Ярослав Махов,Msk,